test_index,predicted_churn
5009,0
4159,0
15129,0
19994,0
18063,0
3315,0
17081,0
914,0
13678,0
16194,0
7812,0
5782,0
4141,0
10995,0
6859,0
12000,0
13347,0
5901,0
5768,0
19025,0
16876,0
12712,0
6165,0
18683,0
18826,0
10864,0
7580,0
10387,0
13616,0
6579,0
1405,0
6853,0
15313,0
12053,0
14462,0
10574,0
19755,0
5265,0
6606,0
15358,0
1392,0
16733,0
926,0
11280,0
1157,0
5636,0
11222,0
13547,0
13724,0
11893,0
18104,0
4218,0
20356,0
13102,0
4442,0
7339,0
9184,0
13335,0
16303,0
12834,0
2851,0
9378,0
13073,0
3218,0
8987,0
8766,0
16813,0
5912,0
7740,0
11408,0
9912,0
6304,0
17883,0
15434,0
964,0
9648,0
6531,0
11476,0
6799,0
5889,0
17773,0
17574,0
18335,0
17775,0
3900,0
3352,0
13862,0
12673,0
876,0
17313,0
562,0
15293,0
17580,0
18234,0
8342,0
6377,0
19320,0
10693,0
10798,0
14662,0
11290,0
15426,0
5961,0
17324,0
6602,0
1840,0
15883,0
18602,0
4571,0
16731,0
17482,0
17311,0
12212,0
8537,0
198,0
13029,0
16601,0
7988,0
1949,0
8749,0
14597,0
385,0
3238,0
20058,0
13729,0
11869,0
9207,0
6640,0
12410,0
14060,0
600,0
15066,0
14531,0
4523,0
9656,0
39,0
1125,0
4117,0
410,0
13441,0
11303,0
9044,0
8031,0
15790,0
1163,0
14368,0
10566,0
19606,0
12520,0
17666,0
12481,0
5970,0
7847,0
1989,0
8648,0
8258,0
412,0
7342,0
10976,0
3099,0
3637,0
6716,0
13948,0
11396,0
1478,0
16732,0
16313,0
1727,0
8674,0
3471,0
19168,0
6922,0
3318,0
14973,0
8254,0
3304,0
8052,0
1210,0
20278,0
9579,0
9138,0
18927,0
11031,0
520,0
100,0
18043,0
13765,0
12140,0
513,0
17049,0
6964,0
16689,0
11802,0
5645,0
18904,0
5006,0
17030,0
17489,0
19035,0
15741,0
4765,0
3565,0
9608,0
9721,0
15592,0
18996,0
5257,0
16972,0
6011,0
4302,0
4070,0
7236,0
3333,0
13806,0
17594,0
8589,0
13793,0
11,0
12361,0
2217,0
2893,0
18164,0
6598,0
13215,0
3373,0
7424,0
12671,0
4679,0
14958,0
19234,0
3721,0
16268,0
17197,0
4643,0
20241,0
17992,0
19406,0
9403,0
17892,0
17362,0
7056,0
20255,0
2682,0
4263,0
1835,0
4427,0
18638,0
7872,0
546,0
17605,0
15095,0
2871,0
1382,0
8815,0
17184,0
11272,0
8759,0
13810,0
4793,0
9271,0
5242,0
2863,0
6186,0
8741,0
2873,0
2883,0
4993,0
12001,0
14687,0
434,0
16038,0
2981,0
12659,0
13823,0
19954,0
182,0
13658,0
19481,0
7689,0
3744,0
17739,0
9550,0
9710,0
2202,0
8390,0
5757,0
15183,0
18476,0
11223,0
17801,0
6742,0
7760,0
20066,0
15653,0
8043,0
3470,0
14058,0
16160,0
13589,0
14264,0
1975,0
986,0
10714,0
10568,0
9634,0
14279,0
8389,0
2739,0
5321,0
3345,0
8886,0
2615,0
10676,0
2971,0
6518,0
9784,0
14768,0
4573,0
1722,0
4177,0
11299,0
9071,0
920,0
20301,0
2430,0
1733,0
5596,0
6087,0
8521,0
14693,0
5765,0
18508,0
17563,0
8848,0
8667,0
12717,0
15954,0
4187,0
11942,0
10024,0
7038,0
15609,0
7180,0
17820,0
19266,0
3963,0
2098,0
14754,0
8857,0
1742,0
6622,0
20010,0
19946,0
2900,0
18960,0
18619,0
19752,0
3249,0
16075,0
571,0
8650,0
6804,0
17187,0
12347,0
9636,0
18426,0
18820,0
4499,0
19723,0
17155,0
4412,0
7295,0
19281,0
1434,0
8176,0
13251,0
3377,0
8937,0
3263,0
12138,0
14390,0
4544,0
13346,0
19636,0
6494,0
4453,0
14420,0
10988,0
7720,0
5356,0
19415,0
898,0
887,0
12881,0
6649,0
374,0
18690,0
2209,0
12850,0
17212,0
2522,0
671,0
17648,0
6432,0
2607,0
921,0
10551,0
7974,0
33,0
6530,0
545,0
1823,0
14170,0
2107,0
11651,0
1488,0
18307,0
15557,0
16650,0
10537,0
10940,0
17010,0
11677,0
19778,0
5259,0
10342,0
4917,0
17024,0
2975,0
10794,0
7596,0
16140,0
8893,0
13310,0
12280,0
14493,0
20466,0
8481,0
17241,0
7865,0
18180,0
13145,0
14777,0
18907,0
13686,0
16873,0
10905,0
15035,0
12178,0
14947,0
14505,0
13399,0
19187,0
14040,0
1878,0
12139,0
8059,0
14920,0
10054,0
382,0
17785,0
14798,0
5688,0
987,0
17201,0
7863,0
2885,0
1523,0
14288,0
16379,0
12667,0
20108,0
15417,0
3479,0
18858,0
16449,0
3056,0
12048,0
13256,0
9852,0
6588,0
16206,0
12705,0
7682,0
4181,0
7551,0
16951,0
16159,0
18715,0
13403,0
7386,0
6703,0
12684,0
14313,0
11776,0
8839,0
5106,0
11720,0
13037,0
3253,0
3549,0
19060,0
2442,0
7955,0
13372,0
4452,0
9443,0
10936,0
20340,0
2020,0
12270,0
12286,0
11120,0
20195,0
10692,0
8739,0
832,0
8434,0
20429,0
20310,0
7996,0
1769,0
1241,0
19757,0
13464,0
5256,0
8852,0
12196,0
11168,0
6234,0
2733,0
4131,0
15918,0
4112,0
12871,0
18178,0
2046,0
3313,0
8457,0
3332,0
14518,0
10553,0
17726,0
15017,0
14146,0
17463,0
15103,0
15575,0
17676,0
2720,0
8017,0
15064,0
7957,0
4000,0
15733,0
8369,0
10326,0
18716,0
12612,0
17602,0
15809,0
10223,0
794,0
10896,0
13426,0
14512,0
6274,0
7611,0
324,0
16226,0
10300,0
16430,0
6090,0
3383,0
13484,0
4518,0
158,0
9987,0
4952,0
5172,0
3094,0
15101,0
486,0
3670,0
18037,0
19855,0
8729,0
10757,0
13999,0
14266,0
17432,0
15004,0
2830,0
8397,0
2133,0
8735,0
14969,0
16872,0
19700,0
14187,0
15563,0
14978,0
6235,0
2432,0
14005,0
2143,0
10826,0
7449,0
17931,0
11329,0
8,0
12731,0
42,0
17579,0
7889,0
10641,0
8040,0
4234,0
20405,0
20361,0
11982,0
824,0
8431,0
19219,0
2582,0
15821,0
20439,0
8571,0
7733,0
2593,0
6957,0
18238,0
17224,0
20328,0
2426,0
4200,0
19096,0
2869,0
9083,0
18500,0
18377,0
13361,0
5507,0
11014,0
19464,0
20052,0
14668,0
4282,0
8478,0
11107,0
15988,0
131,0
14438,0
13297,0
18184,0
2529,0
3331,0
8420,0
755,0
18571,0
6999,0
11020,0
12791,0
19798,0
19361,0
5530,0
418,0
13168,0
16954,0
15528,0
1199,0
14099,0
6092,0
11888,0
15910,0
19977,0
2511,0
8441,0
16301,0
12537,0
16273,0
18667,0
7874,0
5350,0
13083,0
3595,0
17554,0
13119,0
3535,0
13657,0
12383,0
7212,0
3965,0
3283,0
19694,0
1596,0
12189,0
11652,0
7795,0
5099,0
10954,0
10025,0
11366,0
12055,0
7283,0
3929,0
9891,0
17371,0
4422,0
11284,0
7738,0
4944,0
16468,0
4220,0
2152,0
7701,0
18540,0
3662,0
11754,0
7533,0
9882,0
527,0
10579,0
16774,0
18893,0
11094,0
4276,0
19966,0
10560,0
14057,0
5241,0
16369,0
10672,0
9494,0
3272,0
11000,0
12104,0
18748,0
9503,0
5983,0
4876,0
8395,0
3904,0
2556,0
4846,0
4273,0
10983,0
4938,0
13683,0
17481,0
7147,0
1810,0
6313,0
13944,0
12231,0
16279,0
13992,0
19729,0
1306,0
11661,0
13157,0
14551,0
19973,0
4426,0
15770,0
13184,0
10909,0
10749,0
11760,0
16628,0
2012,0
19921,0
17512,0
592,0
6106,0
20169,0
12979,0
11843,0
4080,0
16543,0
5996,0
16923,0
10032,0
17288,0
9871,0
11524,0
432,0
1844,0
9777,0
17076,0
19404,0
10647,0
7914,0
2249,0
17872,0
3868,0
14653,0
5760,0
3183,0
15713,0
14415,0
20151,0
14447,0
14481,0
20159,0
2619,0
19986,0
13875,0
7751,0
2939,0
18188,0
3245,0
17626,0
7069,0
4247,0
5336,0
17995,0
12824,0
3191,0
2104,0
17131,0
18096,0
9679,0
1503,0
2017,0
9382,0
12272,0
13771,0
12569,0
2198,0
12128,0
10299,0
11676,0
752,0
17399,0
5745,0
11852,0
7770,0
6783,0
10276,0
12216,0
10424,0
4041,0
18411,0
4496,0
927,0
9493,0
283,0
8517,0
18370,0
3698,0
15884,0
9887,0
7226,0
7699,0
4534,0
15921,0
3592,0
6870,0
327,0
5914,0
19128,0
19263,0
7099,0
8744,0
17885,0
4176,0
5313,0
17746,0
9723,0
19688,0
11437,0
15197,0
13525,0
4295,0
19682,0
15016,0
2662,0
7626,0
1259,0
4635,0
1666,0
6400,0
16453,0
13439,0
20060,0
4631,0
15480,0
19000,0
8984,0
19489,0
1016,0
9226,0
13576,0
12500,0
11236,0
16475,0
3601,0
4487,0
16522,0
15187,0
19044,0
18198,0
143,0
15667,0
8992,0
15403,0
19132,0
16936,0
801,0
12331,0
10011,0
15166,0
2039,0
7558,0
9134,0
14975,0
1506,0
16666,0
10993,0
13125,0
11356,0
9263,0
4977,0
13284,0
16110,0
7686,0
19631,0
11633,0
3152,0
15631,0
19312,0
14770,0
4771,0
6972,0
2,0
9585,0
888,0
11143,0
11649,0
19165,0
7333,0
2141,0
11628,0
1475,0
16622,0
12311,0
11427,0
13916,0
14287,0
14825,0
12087,0
17765,0
5315,0
17584,0
7031,0
16999,0
19635,0
2438,0
2006,0
16887,0
5204,0
18391,0
16195,0
1186,0
12399,0
19121,0
12499,0
16653,0
17040,0
1843,0
9991,0
3951,0
5266,0
14129,0
5561,0
12042,0
7019,0
6147,0
14585,0
2137,0
16979,0
18843,0
15539,0
10849,0
19066,0
13750,0
4970,0
18365,0
2570,0
16863,0
6959,0
20138,0
14984,0
18796,0
15437,0
10651,0
16688,0
15034,0
2608,0
12366,0
16752,0
16667,0
15854,0
16432,0
17349,0
14218,0
673,0
16138,0
11497,0
4626,0
1626,0
17912,0
7421,0
3761,0
5164,0
5748,0
14364,0
10812,0
14939,0
12426,0
11452,0
17319,0
8643,0
7514,0
220,0
15479,0
8168,0
14526,0
13414,0
2613,0
16294,0
3822,0
5710,0
12440,0
12070,0
12056,0
222,0
10525,0
17258,0
17822,0
112,0
19753,0
10395,0
10859,0
20,0
11416,0
17947,0
13693,0
2602,0
7882,0
19391,0
19646,0
6831,0
7214,0
7218,0
9099,0
17614,0
17650,0
13836,0
12957,0
2108,0
11810,0
18397,0
458,0
9756,0
2316,0
9597,0
11273,0
5820,0
15225,0
5397,0
9472,0
8185,0
11549,0
16588,0
762,0
16126,0
2085,0
11315,0
5870,0
10151,0
11445,0
9650,0
16891,0
15515,0
16016,0
7913,0
591,0
6299,0
16073,0
9500,0
18208,0
3561,0
3390,0
3080,0
9549,0
10261,0
8477,0
18632,0
1534,0
2709,0
7123,0
16323,0
8377,0
20236,0
1391,0
19026,0
20116,0
10946,0
13218,0
9645,0
16454,0
14577,0
13031,0
19463,0
2936,0
5422,0
14675,0
2058,0
9260,0
13085,0
14356,0
15338,0
9872,0
20375,0
7947,0
19330,0
16438,0
18861,0
1814,0
16477,0
18764,0
9880,0
14684,0
20407,0
11701,0
6696,0
5269,0
20013,0
7964,0
10133,0
9404,0
14173,0
2451,0
10284,0
8649,0
14697,0
11587,0
20391,0
15622,0
16142,0
1965,0
8793,0
292,0
13567,0
12454,0
9943,0
12498,0
14619,0
19167,0
1510,0
13410,0
4105,0
12623,0
8428,0
5700,0
5866,0
18236,0
20238,0
3164,0
2461,0
980,0
1645,0
1986,0
2103,0
15717,0
5021,0
5063,0
4084,0
16344,0
1564,0
16782,0
7732,0
16843,0
837,0
703,0
228,0
10815,0
17329,0
7735,0
9451,0
17819,0
18560,0
3217,0
2155,0
6620,0
13148,0
10205,0
10178,0
18412,0
13627,0
12722,0
5122,0
4007,0
13300,0
6496,0
10189,0
1883,0
14011,0
1119,0
7842,0
13588,0
2054,0
9256,0
4545,0
17690,0
12115,0
3311,0
12288,0
17442,0
14044,0
9955,0
18245,0
20282,0
7154,0
4603,0
11026,0
675,0
17998,0
4620,0
5957,0
15668,0
5647,0
19562,0
181,0
6204,0
18352,0
3410,0
5043,0
7522,0
3265,0
11233,0
5751,0
17776,0
4067,0
11412,0
11471,0
11123,0
6642,0
19676,0
10944,0
12661,0
14149,0
6059,0
9692,0
3640,0
2548,0
5483,0
151,0
18300,0
17791,0
18425,0
8151,0
15505,0
5391,0
7791,0
7036,0
5233,0
20254,0
6556,0
16351,0
17068,0
4191,0
9769,0
8380,0
7901,0
4128,0
3683,0
3544,0
2926,0
15928,0
11860,0
6975,0
19136,0
2800,0
14083,0
16659,0
4228,0
3466,0
10987,0
2661,0
7985,0
5471,0
7255,0
4053,0
421,0
13342,0
14455,0
18829,0
7316,0
4834,0
10048,0
18025,0
2106,0
14711,0
596,0
19854,0
8972,0
9951,0
1990,0
13715,0
13109,0
4881,0
9358,0
17107,0
17533,0
2719,0
19046,0
15084,0
9591,0
5250,0
5124,0
16441,0
5945,0
8306,0
8109,0
13232,0
11428,0
10596,0
115,0
12777,0
12308,0
13877,0
18255,0
8106,0
8895,0
18367,0
13707,0
2874,0
20350,0
7414,0
13406,0
5157,0
17507,0
12026,0
1787,0
15968,0
2870,0
4672,0
11906,0
1893,0
8962,0
19978,0
15353,0
3193,0
9191,0
14503,0
4089,0
5613,0
2053,0
20128,0
4018,0
4524,0
12825,0
17070,0
11102,0
689,0
155,0
2533,0
13956,0
16671,0
17797,0
7170,0
16719,0
16163,0
11422,0
19473,0
18578,0
18036,0
1947,0
6211,0
15802,0
13143,0
19420,0
5814,0
18420,0
8163,0
11458,0
4861,0
6517,0
15065,0
18629,0
15459,0
1058,0
7501,0
18305,0
19595,0
5013,0
7679,0
8792,0
183,0
14078,0
8412,0
9931,0
3633,0
1067,0
6840,0
9677,0
10508,0
5715,0
6578,0
7527,0
11249,0
7652,0
3450,0
8838,0
3603,0
20156,0
9617,0
14498,0
791,0
750,0
15849,0
92,0
3447,0
1938,0
10246,0
18634,0
10427,0
14821,0
5744,0
11705,0
8368,0
11246,0
3366,0
15674,0
13642,0
7928,0
345,0
15692,0
13080,0
8334,0
4526,0
11959,0
18498,0
17981,0
12508,0
917,0
1230,0
4346,0
11927,0
12706,0
138,0
12875,0
1550,0
11644,0
19175,0
4805,0
3719,0
8117,0
11984,0
16703,0
7135,0
18324,0
2855,0
4887,0
6195,0
16335,0
5893,0
16735,0
5455,0
2460,0
2766,0
11986,0
8273,0
4678,0
15836,0
9172,0
16488,0
12641,0
9539,0
6034,0
6461,0
9097,0
4319,0
7667,0
9479,0
5977,0
14112,0
8718,0
2348,0
20079,0
19541,0
9405,0
12147,0
7217,0
8706,0
18438,0
18056,0
6887,0
13188,0
10649,0
7549,0
12190,0
13675,0
18681,0
3757,0
275,0
18537,0
7910,0
19889,0
18346,0
12269,0
14023,0
19352,0
13915,0
6966,0
14604,0
16048,0
2057,0
3896,0
19376,0
13659,0
2798,0
5220,0
4502,0
14458,0
18842,0
14859,0
230,0
6765,0
13637,0
789,0
3316,0
19261,0
19089,0
9813,0
9063,0
9113,0
16417,0
17050,0
20406,0
2760,0
16846,0
19651,0
20068,0
2933,0
12228,0
9892,0
17108,0
614,0
19381,0
8719,0
615,0
10402,0
11251,0
18130,0
3942,0
11204,0
13716,0
950,0
10397,0
5132,0
7121,0
15745,0
8276,0
12810,0
14024,0
18628,0
16004,0
20003,0
4900,0
6125,0
9724,0
20297,0
3551,0
8504,0
12263,0
1598,0
19779,0
3210,0
4686,0
12293,0
14257,0
1202,0
4809,0
1020,0
11596,0
6885,0
13670,0
2326,0
20377,0
10474,0
2520,0
14126,0
10650,0
10432,0
10919,0
13334,0
7481,0
20259,0
19664,0
9509,0
15287,0
6902,0
13277,0
454,0
5179,0
10578,0
17603,0
15432,0
17867,0
16501,0
18541,0
16641,0
5308,0
14771,0
16050,0
331,0
6971,0
13523,0
16640,0
5165,0
18309,0
13881,0
2418,0
10095,0
12304,0
14392,0
4411,0
13261,0
15155,0
5769,0
5630,0
16563,0
445,0
15054,0
8337,0
19355,0
5300,0
5853,0
7538,0
10592,0
6460,0
13702,0
10740,0
15654,0
13385,0
13580,0
8627,0
2952,0
12394,0
20387,0
20368,0
10997,0
10412,0
17896,0
16180,0
9988,0
8601,0
2789,0
8769,0
8098,0
9181,0
8800,0
957,0
13311,0
14201,0
17637,0
7727,0
12009,0
1559,0
9530,0
16019,0
1896,0
10252,0
18757,0
4383,0
6872,0
20205,0
18055,0
17199,0
15743,0
10303,0
15930,0
14938,0
7269,0
7935,0
10456,0
17514,0
12763,0
7083,0
1852,0
7347,0
3862,0
18338,0
19278,0
16093,0
10817,0
18810,0
16906,0
18624,0
18778,0
20118,0
1700,0
12767,0
1886,0
2898,0
3675,0
12976,0
5959,0
17686,0
17151,0
17277,0
3997,0
15916,0
17671,0
3560,0
4929,0
12590,0
12389,0
3312,0
14067,0
8074,0
2847,0
7809,0
1836,0
14296,0
1134,0
17248,0
13048,0
17646,0
3767,0
18065,0
13481,0
5299,0
5034,0
19040,0
14158,0
3449,0
1290,0
11221,0
14688,0
19974,0
10182,0
16962,0
681,0
20177,0
6732,0
1847,0
20203,0
16911,0
768,0
16023,0
16767,0
15468,0
15554,0
14418,0
15022,0
7662,0
16686,0
14259,0
2773,0
17143,0
5696,0
11449,0
20433,0
8536,0
346,0
4407,0
16661,0
9963,0
4895,0
6333,0
8218,0
3124,0
18553,0
18547,0
10994,0
12446,0
417,0
9909,0
5348,0
14694,0
3820,0
15106,0
2584,0
14792,0
15473,0
2022,0
16183,0
3368,0
16400,0
10202,0
14341,0
8542,0
6511,0
5725,0
9036,0
435,0
2694,0
18463,0
995,0
13054,0
7276,0
17300,0
8426,0
6673,0
19569,0
2246,0
4932,0
1980,0
14847,0
5277,0
15547,0
10695,0
19345,0
12035,0
6182,0
10440,0
13066,0
11954,0
2659,0
11936,0
15327,0
9202,0
11038,0
5301,0
7234,0
7709,0
18259,0
9527,0
17099,0
19232,0
19218,0
4235,0
19969,0
1571,0
9996,0
3378,0
18739,0
3391,0
13986,0
11169,0
1490,0
10237,0
11116,0
7902,0
17235,0
20188,0
6478,0
19197,0
7603,0
7553,0
2342,0
16339,0
567,0
13049,0
4622,0
601,0
8645,0
8244,0
11057,0
15795,0
12329,0
10230,0
6862,0
17370,0
821,0
11928,0
6596,0
7341,0
4135,0
3440,0
14889,0
16765,0
10465,0
2182,0
19915,0
18480,0
10570,0
7991,0
8439,0
206,0
2428,0
1187,0
11636,0
4322,0
12438,0
15822,0
967,0
15250,0
11935,0
7772,0
19710,0
15138,0
18030,0
9881,0
19731,0
13272,0
7209,0
561,0
9393,0
8446,0
2853,0
9230,0
14993,0
2177,0
11252,0
10294,0
709,0
12521,0
6757,0
17807,0
12993,0
16391,0
14329,0
12162,0
4230,0
7032,0
16926,0
13224,0
10090,0
9397,0
5218,0
8700,0
7400,0
13820,0
10721,0
8388,0
16002,0
19455,0
8304,0
40,0
2377,0
18423,0
16564,0
18157,0
2162,0
7100,0
3777,0
20300,0
13238,0
1081,0
16656,0
15798,0
3801,0
622,0
19645,0
1480,0
1536,0
7958,0
8906,0
16581,0
17934,0
4726,0
9979,0
12377,0
3246,0
11189,0
20022,0
12360,0
20316,0
5360,0
19839,0
12726,0
19920,0
245,0
6379,0
9897,0
12546,0
1303,0
14446,0
4813,0
6886,0
15363,0
12294,0
16003,0
4768,0
10681,0
9739,0
10571,0
18483,0
2212,0
20272,0
15843,0
10139,0
19985,0
11346,0
13294,0
19102,0
5293,0
13786,0
1055,0
1451,0
2549,0
20306,0
20036,0
16083,0
19333,0
15778,0
9639,0
15238,0
9314,0
14949,0
14084,0
15605,0
13322,0
714,0
797,0
16466,0
17935,0
4300,0
3423,0
3763,0
7318,0
10736,0
5209,0
15905,0
18160,0
16953,0
17770,0
1396,0
13174,0
17705,0
2464,0
15408,0
103,0
16229,0
6704,0
14643,0
11912,0
4652,0
15421,0
19876,0
8921,0
16058,0
7106,0
1620,0
13745,0
13869,0
2197,0
4269,0
13032,0
2153,0
19499,0
8808,0
6301,0
4104,0
2758,0
17182,0
14152,0
13493,0
4713,0
4987,0
18059,0
2119,0
3175,0
14151,0
9575,0
16532,0
17035,0
3404,0
17515,0
12664,0
13263,0
2752,0
13656,0
19984,0
17202,0
971,0
7836,0
17720,0
17707,0
2726,0
7436,0
3184,0
11947,0
8897,0
20269,0
18856,0
18331,0
14090,0
13958,0
11758,0
18406,0
10545,0
5231,0
15551,0
11974,0
17164,0
6874,0
9387,0
11296,0
8546,0
17123,0
55,0
10485,0
15735,0
9781,0
3274,0
4959,0
1184,0
12822,0
8954,0
11072,0
7615,0
1548,0
5851,0
15675,0
19008,0
9508,0
10505,0
13118,0
16716,0
3509,0
4337,0
1530,0
17522,0
18240,0
17421,0
10917,0
2259,0
2965,0
6941,0
17142,0
20244,0
2575,0
17297,0
6577,0
15559,0
10634,0
6681,0
1251,0
14423,0
17799,0
2335,0
18776,0
8552,0
16718,0
18786,0
7540,0
2744,0
18209,0
639,0
8440,0
17586,0
397,0
19823,0
14298,0
6808,0
7146,0
18676,0
6261,0
643,0
19010,0
8012,0
16506,0
836,0
4898,0
12188,0
3429,0
14914,0
975,0
12792,0
3015,0
18354,0
6986,0
5249,0
491,0
11948,0
9946,0
6075,0
10037,0
12516,0
7494,0
2770,0
1160,0
8859,0
3949,0
5236,0
8943,0
14631,0
15026,0
7442,0
15156,0
15946,0
8829,0
3108,0
15305,0
940,0
5500,0
16415,0
1066,0
6963,0
4349,0
14097,0
14962,0
10893,0
4758,0
12406,0
5823,0
2349,0
2736,0
1082,0
11529,0
7468,0
2961,0
10853,0
159,0
18585,0
4510,0
16146,0
17924,0
8484,0
13227,0
1341,0
19277,0
18204,0
19737,0
3454,0
2192,0
16499,0
13182,0
5078,0
17403,0
11586,0
2320,0
14926,0
110,0
16253,0
18721,0
20214,0
10511,0
10365,0
9258,0
16192,0
9455,0
1961,0
1229,0
18524,0
17236,0
10143,0
11966,0
11977,0
1525,0
2125,0
6942,0
763,0
17634,0
13497,0
5956,0
1298,0
10430,0
3623,0
19532,0
17065,0
12627,0
19103,0
9841,0
17406,0
10159,0
17140,0
1922,0
18717,0
13527,0
16670,0
13444,0
12367,0
13436,0
4325,0
5464,0
14487,0
5476,0
10434,0
8055,0
8518,0
2239,0
14174,0
8665,0
3629,0
1606,0
14924,0
10550,0
19883,0
17737,0
10644,0
6847,0
10786,0
17659,0
9521,0
17948,0
12414,0
19748,0
7657,0
6860,0
13641,0
15068,0
2595,0
4693,0
4482,0
15657,0
15753,0
5838,0
15613,0
2718,0
12989,0
3190,0
4403,0
3999,0
14377,0
10960,0
11743,0
11723,0
18878,0
7614,0
17468,0
16373,0
19480,0
15599,0
9925,0
2700,0
10073,0
17139,0
7475,0
15384,0
15974,0
59,0
7409,0
338,0
14320,0
8918,0
18333,0
18671,0
19928,0
12835,0
5245,0
11905,0
10486,0
16508,0
19849,0
5314,0
15483,0
1282,0
19848,0
14774,0
11312,0
20234,0
6256,0
17699,0
17420,0
204,0
9462,0
19334,0
5200,0
17098,0
7001,0
16121,0
5827,0
12522,0
20086,0
19991,0
15419,0
9638,0
9140,0
3121,0
7617,0
7634,0
9338,0
6651,0
19619,0
16607,0
20357,0
11463,0
16680,0
11858,0
3661,0
9537,0
273,0
6383,0
2858,0
19712,0
15727,0
13901,0
4127,0
3138,0
7777,0
6113,0
4627,0
8095,0
1034,0
15136,0
15401,0
16210,0
17809,0
12652,0
13333,0
20425,0
8582,0
7629,0
8053,0
3920,0
11533,0
9789,0
20172,0
20130,0
5844,0
7116,0
16237,0
8956,0
19787,0
16094,0
12864,0
4653,0
8253,0
10282,0
3356,0
15323,0
6310,0
15317,0
5570,0
13607,0
13164,0
18080,0
15275,0
3810,0
13741,0
14905,0
9561,0
14617,0
14614,0
12868,0
18149,0
2352,0
6816,0
14425,0
19470,0
11369,0
8881,0
19209,0
10331,0
19161,0
17260,0
17949,0
20117,0
11077,0
11079,0
1561,0
14508,0
11969,0
13172,0
15294,0
14065,0
8745,0
8715,0
11836,0
2135,0
14672,0
3804,0
16055,0
11381,0
7843,0
3759,0
10978,0
4617,0
19224,0
12198,0
9983,0
19176,0
49,0
8415,0
3106,0
17848,0
10328,0
18281,0
16026,0
1921,0
8131,0
9774,0
5999,0
16682,0
17928,0
15577,0
4728,0
2082,0
5368,0
15851,0
1432,0
7567,0
18364,0
8435,0
6896,0
15544,0
16043,0
8714,0
12309,0
5544,0
18014,0
3866,0
13977,0
14963,0
8408,0
2572,0
4520,0
17523,0
14343,0
16511,0
516,0
3102,0
7014,0
786,0
4976,0
460,0
6949,0
8652,0
14934,0
7050,0
7213,0
18649,0
18527,0
6104,0
9487,0
2814,0
573,0
10337,0
19048,0
13252,0
663,0
7509,0
6144,0
7873,0
20153,0
1074,0
7714,0
10181,0
9618,0
13535,0
9232,0
13674,0
13348,0
11374,0
15749,0
12621,0
17521,0
3286,0
11453,0
4735,0
6575,0
7768,0
5623,0
2299,0
12427,0
12685,0
10744,0
15697,0
4031,0
8071,0
10435,0
14682,0
580,0
8217,0
10764,0
666,0
4417,0
3940,0
2811,0
17360,0
184,0
15651,0
9438,0
3233,0
1242,0
10451,0
3031,0
20221,0
1222,0
3486,0
12812,0
19284,0
6996,0
20179,0
13156,0
16600,0
7797,0
1804,0
16805,0
11528,0
1145,0
7588,0
7311,0
5942,0
11671,0
12477,0
3639,0
16459,0
13811,0
7447,0
12512,0
8126,0
3774,0
16773,0
4859,0
3335,0
17923,0
2735,0
14435,0
6262,0
15282,0
11285,0
11442,0
7591,0
7011,0
12749,0
254,0
14237,0
19675,0
14826,0
11040,0
16474,0
9246,0
7022,0
19158,0
12783,0
2693,0
6265,0
16359,0
13025,0
15789,0
3451,0
4910,0
3891,0
7002,0
4207,0
32,0
19378,0
12872,0
5120,0
3328,0
6327,0
6342,0
17210,0
18545,0
11509,0
13225,0
18207,0
16455,0
2628,0
14362,0
14124,0
11953,0
12113,0
18838,0
7380,0
6762,0
2487,0
18069,0
16261,0
12380,0
10500,0
1630,0
8931,0
8267,0
15925,0
2052,0
12267,0
8901,0
11943,0
16725,0
15321,0
5167,0
17340,0
4509,0
10113,0
13142,0
6582,0
4470,0
15805,0
16129,0
7248,0
10005,0
17394,0
10101,0
5527,0
5440,0
16498,0
9559,0
8175,0
19866,0
18371,0
2666,0
17834,0
218,0
12849,0
15006,0
10360,0
10268,0
16743,0
9610,0
6888,0
6708,0
12016,0
82,0
270,0
7235,0
19109,0
7448,0
7340,0
12170,0
8785,0
20315,0
9594,0
4997,0
11608,0
7005,0
506,0
3469,0
649,0
5583,0
10131,0
377,0
19366,0
13703,0
19037,0
17077,0
3778,0
10384,0
636,0
4408,0
17518,0
16011,0
8705,0
19766,0
9693,0
5217,0
8532,0
108,0
11879,0
2995,0
13878,0
18404,0
20120,0
17712,0
17589,0
10811,0
14109,0
2102,0
5619,0
7137,0
7520,0
6150,0
16504,0
13654,0
8891,0
7080,0
5997,0
17616,0
13628,0
4301,0
13961,0
8363,0
17473,0
8912,0
1974,0
5734,0
19054,0
13389,0
13870,0
7916,0
11785,0
19510,0
13015,0
3760,0
14511,0
13774,0
5602,0
5353,0
8419,0
1941,0
12334,0
7587,0
16753,0
14122,0
15341,0
4774,0
11773,0
5807,0
70,0
7764,0
5389,0
3706,0
9137,0
19767,0
14854,0
19829,0
8630,0
18949,0
16572,0
5547,0
1010,0
12121,0
11083,0
18590,0
15902,0
8322,0
16935,0
19980,0
13427,0
13476,0
11808,0
6613,0
3994,0
19429,0
5056,0
18867,0
3838,0
5258,0
6514,0
431,0
15952,0
14524,0
2508,0
5835,0
20420,0
14690,0
6794,0
4854,0
19353,0
7477,0
17570,0
14715,0
1040,0
1060,0
8976,0
12723,0
17821,0
10643,0
6028,0
178,0
5953,0
9124,0
11715,0
16519,0
3005,0
11483,0
9590,0
4788,0
19021,0
9489,0
17359,0
20019,0
12739,0
5921,0
6041,0
20292,0
12643,0
9828,0
2503,0
9814,0
3983,0
4742,0
14171,0
326,0
2784,0
5377,0
9229,0
10632,0
19031,0
17529,0
16810,0
6528,0
9905,0
5638,0
14338,0
17422,0
9776,0
9620,0
14748,0
4915,0
2371,0
17382,0
19027,0
8015,0
12807,0
13551,0
7337,0
4521,0
16654,0
5020,0
1346,0
5577,0
10247,0
19650,0
4909,0
15564,0
7684,0
14441,0
18596,0
17419,0
497,0
7467,0
16723,0
2213,0
5408,0
13888,0
13942,0
783,0
7033,0
44,0
19137,0
9598,0
11667,0
3236,0
8711,0
6194,0
19055,0
14760,0
16857,0
4872,0
6220,0
18413,0
8057,0
15560,0
12637,0
14935,0
14103,0
15951,0
7013,0
2940,0
11825,0
14823,0
12468,0
14077,0
12550,0
9932,0
2913,0
9818,0
13684,0
10926,0
4903,0
17111,0
3790,0
47,0
2244,0
7871,0
7148,0
16053,0
11867,0
12949,0
1181,0
16879,0
6429,0
4738,0
18533,0
15524,0
10167,0
17968,0
5704,0
7685,0
13587,0
19041,0
17551,0
7231,0
6691,0
4955,0
929,0
10345,0
9132,0
13791,0
3730,0
9359,0
18897,0
11631,0
12041,0
13170,0
11703,0
12324,0
16296,0
10939,0
8249,0
6928,0
9142,0
18883,0
9840,0
17318,0
16173,0
20161,0
8725,0
10948,0
17069,0
1892,0
9796,0
1078,0
18465,0
18205,0
13377,0
17447,0
9935,0
7845,0
9751,0
9030,0
5872,0
8214,0
3214,0
15200,0
19289,0
18772,0
977,0
14987,0
2457,0
15588,0
9903,0
4344,0
13150,0
13751,0
692,0
5393,0
10597,0
2679,0
10,0
6950,0
14182,0
952,0
5946,0
9192,0
2314,0
8048,0
9059,0
14802,0
4700,0
6790,0
6102,0
864,0
17347,0
12165,0
19144,0
1865,0
11863,0
19890,0
1380,0
8321,0
18265,0
9553,0
1618,0
3062,0
19782,0
12068,0
14494,0
10913,0
18165,0
16905,0
3367,0
17703,0
15350,0
6769,0
13859,0
6459,0
9921,0
13133,0
9383,0
11339,0
18131,0
1409,0
17316,0
2978,0
14354,0
13507,0
13611,0
15299,0
15296,0
16928,0
8100,0
1091,0
4028,0
15948,0
7228,0
5113,0
10728,0
12636,0
492,0
8291,0
11070,0
15223,0
14331,0
19452,0
3392,0
8215,0
2222,0
3446,0
16629,0
8173,0
17216,0
12436,0
18580,0
12028,0
1011,0
1511,0
20360,0
3586,0
16663,0
7392,0
4087,0
12513,0
13552,0
512,0
141,0
911,0
5506,0
12776,0
12619,0
16865,0
7433,0
19457,0
8697,0
17338,0
16385,0
3823,0
1968,0
12656,0
11581,0
15820,0
17567,0
6,0
15263,0
1732,0
4625,0
15971,0
10010,0
15800,0
18709,0
16213,0
7860,0
11319,0
2959,0
10211,0
9024,0
4951,0
13216,0
91,0
13622,0
15931,0
18691,0
9282,0
5400,0
15965,0
8545,0
13893,0
14322,0
11183,0
6266,0
10660,0
12429,0
19701,0
8827,0
13383,0
4071,0
15969,0
9673,0
16961,0
7305,0
10315,0
11388,0
14602,0
13193,0
5785,0
12809,0
3807,0
6121,0
14773,0
14828,0
16238,0
13147,0
15189,0
3559,0
9838,0
9457,0
6434,0
4995,0
6539,0
19364,0
10870,0
3539,0
10933,0
2547,0
14200,0
1913,0
14258,0
11003,0
11926,0
14523,0
17683,0
188,0
17302,0
19252,0
16836,0
6050,0
7149,0
4865,0
3435,0
5425,0
16148,0
18293,0
9548,0
12944,0
9588,0
8121,0
9683,0
15169,0
4367,0
17841,0
9570,0
6360,0
16965,0
2000,0
1528,0
10982,0
18543,0
12407,0
6948,0
8174,0
1558,0
6749,0
10405,0
11659,0
9182,0
13884,0
5775,0
16853,0
386,0
6559,0
6926,0
5755,0
18286,0
4840,0
18819,0
17852,0
17427,0
11318,0
15198,0
6162,0
4847,0
8343,0
9402,0
14874,0
18879,0
3155,0
12566,0
14655,0
6200,0
2265,0
5052,0
15264,0
14832,0
9729,0
10066,0
11664,0
16500,0
12252,0
1156,0
17176,0
9420,0
19141,0
16503,0
6955,0
9582,0
12892,0
10329,0
10654,0
14944,0
7242,0
3077,0
4896,0
229,0
14332,0
18473,0
11859,0
6451,0
10046,0
12908,0
5585,0
4199,0
12878,0
15643,0
7356,0
8025,0
17961,0
9558,0
18288,0
3030,0
7678,0
7532,0
11763,0
13367,0
8855,0
9164,0
14850,0
19770,0
10217,0
14410,0
18938,0
12166,0
15571,0
12082,0
12998,0
11358,0
17813,0
12470,0
6375,0
12071,0
16977,0
12432,0
269,0
3897,0
10111,0
616,0
3097,0
5589,0
5193,0
18470,0
5546,0
10183,0
13230,0
10657,0
3230,0
4912,0
7575,0
11386,0
1012,0
5829,0
1324,0
12089,0
14764,0
11570,0
15094,0
13910,0
3568,0
2284,0
18256,0
3519,0
15642,0
15543,0
18577,0
8147,0
7559,0
20069,0
6148,0
17273,0
3808,0
2215,0
14856,0
16521,0
14076,0
12405,0
5213,0
12814,0
15833,0
17842,0
5599,0
11562,0
14491,0
15085,0
8762,0
3918,0
20458,0
5086,0
17041,0
232,0
17777,0
13775,0
11940,0
18196,0
15109,0
13479,0
8965,0
17439,0
15549,0
12818,0
14062,0
5972,0
4285,0
11197,0
8054,0
3422,0
3122,0
16545,0
11138,0
1979,0
8625,0
8145,0
2799,0
18651,0
15870,0
7698,0
2731,0
20250,0
5644,0
8557,0
15382,0
13362,0
19976,0
1262,0
16284,0
2491,0
4471,0
20085,0
2312,0
1499,0
19397,0
15444,0
2980,0
6422,0
16439,0
6856,0
14327,0
2486,0
15233,0
2854,0
13543,0
6841,0
19099,0
6128,0
13457,0
18516,0
12813,0
14470,0
7695,0
18650,0
13295,0
11700,0
857,0
19223,0
5354,0
9212,0
15410,0
3127,0
17317,0
18708,0
773,0
17323,0
5929,0
16492,0
3654,0
7233,0
10856,0
3690,0
2901,0
5444,0
8239,0
14096,0
9694,0
1179,0
7089,0
48,0
15100,0
6000,0
8471,0
14499,0
1566,0
15402,0
6445,0
7462,0
8373,0
19309,0
8159,0
15210,0
10723,0
19226,0
10989,0
14396,0
41,0
4923,0
19925,0
19057,0
10549,0
6483,0
19453,0
6282,0
1959,0
1862,0
9118,0
6244,0
8761,0
3738,0
2942,0
18703,0
3247,0
9276,0
9447,0
4659,0
1678,0
4745,0
6441,0
8465,0
17617,0
4012,0
10803,0
12086,0
9046,0
18551,0
17425,0
9716,0
10661,0
9873,0
136,0
19690,0
7624,0
266,0
15279,0
2263,0
7104,0
16334,0
12755,0
11544,0
8189,0
18186,0
7631,0
20074,0
16310,0
8622,0
16681,0
9920,0
584,0
6427,0
10787,0
17782,0
9381,0
12423,0
12180,0
15989,0
7981,0
18133,0
9967,0
5883,0
6107,0
12866,0
7840,0
9684,0
9454,0
6984,0
1763,0
19735,0
10382,0
5,0
16947,0
3564,0
8122,0
2509,0
813,0
17657,0
12209,0
10529,0
18223,0
9428,0
409,0
14496,0
4880,0
4778,0
1352,0
19750,0
13800,0
18900,0
19201,0
9929,0
2358,0
11349,0
10861,0
2805,0
14468,0
19421,0
1244,0
1900,0
10975,0
13178,0
14749,0
13760,0
18190,0
4503,0
6915,0
9613,0
3806,0
12692,0
15615,0
15943,0
6169,0
17857,0
5777,0
240,0
11049,0
1920,0
19726,0
16983,0
17146,0
2204,0
11343,0
8232,0
17660,0
978,0
18054,0
6010,0
16867,0
20262,0
210,0
5144,0
16489,0
7875,0
4209,0
10288,0
2154,0
3156,0
9587,0
11073,0
15442,0
637,0
1616,0
16423,0
1764,0
13648,0
12386,0
13064,0
10172,0
2219,0
11279,0
12075,0
7012,0
8083,0
2918,0
8788,0
8021,0
4271,0
11087,0
11682,0
4513,0
13237,0
14223,0
18173,0
14404,0
15072,0
16131,0
1604,0
18623,0
9896,0
17891,0
12573,0
142,0
14615,0
8813,0
8285,0
16745,0
18999,0
7921,0
19768,0
10462,0
11506,0
19157,0
6042,0
10389,0
2976,0
18648,0
8995,0
9321,0
17402,0
12391,0
14648,0
15115,0
8449,0
19810,0
14027,0
2437,0
18862,0
14003,0
18263,0
4966,0
1773,0
13171,0
19950,0
10867,0
10484,0
16945,0
11261,0
3064,0
11552,0
3290,0
9904,0
15058,0
11748,0
13517,0
13660,0
18041,0
1005,0
15102,0
14333,0
6524,0
10228,0
17910,0
13597,0
7688,0
3966,0
15477,0
4542,0
9048,0
12785,0
9997,0
18994,0
7547,0
3257,0
6096,0
11515,0
13557,0
9272,0
8868,0
13755,0
13883,0
2837,0
12378,0
2088,0
3665,0
16966,0
18801,0
6952,0
1683,0
17428,0
4101,0
13959,0
9773,0
9930,0
15088,0
18260,0
15118,0
7578,0
18032,0
13304,0
16124,0
16801,0
13679,0
549,0
16433,0
9145,0
5951,0
1370,0
18431,0
15546,0
10047,0
4856,0
8613,0
7211,0
74,0
11751,0
3025,0
11593,0
7225,0
14138,0
1377,0
18282,0
2862,0
17056,0
19237,0
14660,0
9832,0
16029,0
19843,0
20184,0
20270,0
18992,0
5027,0
16223,0
402,0
18213,0
770,0
18102,0
18584,0
15966,0
17610,0
9069,0
1748,0
10966,0
11824,0
5417,0
1426,0
11352,0
1801,0
13553,0
17218,0
17314,0
11446,0
16450,0
5352,0
6835,0
4894,0
19983,0
10470,0
16495,0
17540,0
994,0
7310,0
7892,0
15698,0
9041,0
4901,0
11050,0
10621,0
1198,0
6196,0
5412,0
4035,0
11513,0
12474,0
16839,0
18591,0
19259,0
1831,0
7715,0
14361,0
17933,0
13749,0
1859,0
12494,0
15517,0
5383,0
13425,0
17436,0
4595,0
400,0
1743,0
13564,0
8308,0
12211,0
15584,0
15797,0
7428,0
4780,0
11129,0
6632,0
7008,0
9187,0
18616,0
11322,0
3831,0
6740,0
12858,0
13420,0
9196,0
18643,0
3954,0
11567,0
19957,0
1803,0
9623,0
7474,0
15730,0
4890,0
9919,0
7878,0
5012,0
11431,0
12327,0
1378,0
16638,0
19949,0
7119,0
10162,0
9737,0
7297,0
2815,0
14409,0
9492,0
4519,0
4999,0
14047,0
4262,0
14301,0
12013,0
15312,0
9502,0
8989,0
3305,0
8805,0
5810,0
13714,0
3569,0
11150,0
3762,0
18887,0
17655,0
6822,0
321,0
3159,0
7835,0
6328,0
5587,0
3208,0
9595,0
10898,0
1369,0
10532,0
10180,0
18518,0
6760,0
745,0
15652,0
4225,0
18315,0
17356,0
5836,0
8900,0
18445,0
1249,0
11376,0
17938,0
2116,0
12373,0
20345,0
6426,0
2105,0
3895,0
10099,0
556,0
3911,0
14008,0
18493,0
15216,0
10841,0
11424,0
10175,0
5773,0
9833,0
19296,0
7423,0
7092,0
11823,0
12052,0
1712,0
8295,0
1538,0
16456,0
7609,0
16471,0
3716,0
15146,0
15224,0
5065,0
3527,0
999,0
19692,0
11093,0
17925,0
9831,0
441,0
7542,0
13739,0
3621,0
5685,0
20285,0
15429,0
6912,0
7261,0
14977,0
3039,0
15616,0
19393,0
9110,0
8727,0
966,0
12451,0
8266,0
4757,0
8097,0
105,0
3722,0
1615,0
8717,0
7811,0
597,0
4143,0
693,0
8982,0
15720,0
1802,0
4179,0
2555,0
8228,0
11136,0
9713,0
11118,0
10664,0
679,0
802,0
8479,0
500,0
9865,0
18111,0
1562,0
3216,0
333,0
15352,0
12019,0
16796,0
19299,0
11910,0
11029,0
13435,0
18318,0
12247,0
12675,0
13699,0
20028,0
13634,0
1741,0
20453,0
3751,0
2902,0
18980,0
2792,0
5539,0
14707,0
6992,0
12718,0
7612,0
6538,0
2334,0
17465,0
14009,0
2915,0
18017,0
1203,0
6890,0
2109,0
14350,0
3877,0
1327,0
14565,0
7570,0
19434,0
6013,0
1760,0
19534,0
5781,0
10027,0
17261,0
7987,0
3475,0
10708,0
10871,0
16281,0
4056,0
9843,0
12132,0
16413,0
11182,0
19677,0
18146,0
17837,0
15728,0
8898,0
1676,0
7502,0
17810,0
12192,0
19490,0
14970,0
6568,0
11990,0
12816,0
5969,0
10679,0
15536,0
2740,0
17869,0
4715,0
8007,0
17517,0
12905,0
13998,0
17975,0
8973,0
1565,0
9055,0
16510,0
13472,0
18530,0
10447,0
5867,0
200,0
20275,0
13077,0
11135,0
10404,0
14196,0
6777,0
5952,0
13055,0
12175,0
13332,0
19561,0
20372,0
